-- +migrate Up
INSERT INTO images (img_id, img_name, img_type, img_is_tmp) VALUES
(1, "static/bandits.png", "icon", 0),
(2, "static/clear_sky.png", "icon", 0),
(3, "static/dolg.png", "icon", 0),
(4, "static/monolit.png", "icon", 0),
(5, "static/mvs.png", "icon", 0),
(6, "static/naemniki.png", "icon", 0),
(7, "static/neutrals.png", "icon", 0),
(8, "static/renegats.png", "icon", 0),
(9, "static/sbu.gif", "icon", 0),
(10, "static/science.png", "icon", 0),
(11, "static/svoboda.png", "icon", 0),
(12, "static/greh.jpg", "icon", 0),
(13, "static/vs.png", "icon", 0);

INSERT INTO items (itm_description, itm_title, itm_type) VALUES
('Стартовый костюм группировки, выдающийся тем игрокам у которых не имеется никакого.', 'Стартовый костюм', 'suit'),
('Обычная одежда начинающего сталкера. Не спасает носителя ни от пуль, ни от аномалий, но удобна в ношении.', 'Куртка новичка', 'suit'),
('Производимый народными умельцами, комбинезон сталкера представляет собой сочетание двухслойной прорезиненной ткани с плексигласовой прокладкой и встроенного бронежилета.', 'Комбинезон «Заря»', 'suit'),
('Производимый в одном из Киевских оборонных НИИ. Встроенный бронежилет способен остановить только пистолетную пулю, однако система защиты от аномальных воздействий по праву считается непревзойдённой.', 'Комбинезон «Сева»', 'suit'),
('Традиционная одежда бандита - кожаная куртка со вшитыми броневыми элементами. Обеспечивает некоторую защиту владельца от вредных воздействий - впрочем, крайне недостаточную в суровых условиях Зоны.', 'Бандитская куртка', 'suit'),
('Обычный плащ из чёрной кожи. Особенной защиты носителю не обеспечивает, разве что не даст замёрзнуть ночью и смягчит укус слепой собаки. Достаточно неудобен, но, тем не менее, часто используется бандитами - возможно, исключительно из-за внешнего вида.', 'Кожаный плащ', 'suit'),
('Комбинезон бандитов, созданный для проведения штурмовых операций. Обычно его носят ветераны криминального мира и ренегаты.', 'Бандитский комбинезон', 'suit'),
('Ранняя модель комбинезона «Долга». Стала широко известна благодаря отличному встроенному бронежилету при почти полном отсутствии защиты от аномальных воздействий.', 'Костюм ПС5-М «Универсальная защита»', 'suit'),
('Отличный защитный костюм для Зоны. Сталкеры ценят его за сочетание отличных противоаномальных качеств и противопулевой защиты. В составе: комбинезон ПСЗ-9д, система дыхания с замкнутым циклом, встроенная система подавления действия аномальных полей. Представляет качественную защиту от пулевого и осколочного попадания.', 'Костюм ПС3-9Мд "«Универсальная защита»', 'suit'),
('Ранняя модель комбинезона «Долга». Бронежилет спецназа серии ПС3-9, приспособленный для использования в условиях Зоны. Способен защитить от автоматной пули, но очень громоздкий и почти не обеспечивает защиту от аномальных воздействий.', 'Бронекостюм ПС3-9Д «Броня Долга»', 'suit'),
('Предельно облегчённый костюм сталкера, производимый ремесленниками группировки «Свобода». Для пошива используется ткань, обработанная составом «Горизонт», который значительно повышает защитные свойства в условиях аномальной активности.', 'Комбинезон «Ветер свободы»', 'suit'),
('Комбинезон сталкера с усиленным бронежилетом, производимый ремесленниками группировки «Свобода», удачное сочетание боевой и аномальной защиты. Встроенный бронежилет из бронепластин и уложенного в несколько слоёв кевлара способен остановить пистолетную пулю. Для защиты от аномальных воздействий ткань костюма пропитана составом «Суверен»', 'Комбинезон «Страж свободы»', 'suit'),
('Стандартный комплект снаряжения солдата — лёгкий армейский бронежилет. Достаточно эффективно защищает от пистолетных пуль и осколков. Но плохо защищает от аномальных воздействий.', 'Армейский бронежилет', 'suit'),
('Модифицированный для работы в условиях Зоны армейский бронежилет серии ПС5 с бериллиевым напылением. Предназначен для проведения штурмовых операций в областях с повышенным радиационным фоном, но малоэффективен в условиях высокой аномальной активности.', 'Бронекостюм «Берилл-5М»', 'suit'),
('Современный армейский бронекостюм для проведения штурмовых операций в зонах аномальной активности. Компоненты: тяжёлый бронежилет серии ПСЗ-12п, комбинезон аномальной защиты и компенсационный костюм. Предоставляет великолепную защиту от пуль и осколков и при этом удобен, почти не ограничивает подвижность носителя.', 'Бронекостюм «Булат»', 'suit'),
('Комбинезон сталкера из группировки "Наёмники". За основу взяты образцы экипировки спецназа западных армий. За счёт специальной обработки ткани усилена устойчивость брони при физическом смещении пластин. По защитным характеристикам немного превосходит армейские бронежилеты серии ПСЗ-7.', 'Комбинезон наёмника', 'suit'),
('Комбинезон сталкера из группировки "Наёмники". За основу взяты образцы экипировки спецназа западных армий. В подкладку куртки вшита кольчужная сетка, повышающая защиту от огнестрельного оружия, а также от укусов монстров.', 'Укрепленный комбинезон наёмника', 'suit'),
('Комбинезон сталкера группировки "Монолит". Производитель неизвестен. По защитным характеристикам немного уступает армейскому бронежилету серии ПСЗ-9а. По структуре напоминает широко распространенные среди нейтральных сталкеров комбинезоны, в которых бронежилет соединяется с костюмом противорадиационной защиты.', 'Комбинезон монолитовца', 'suit'),
('Особенный образец монолитовской личной защиты. Изготовлен из более высокотехнологичного материала и дополненный экспериментальной пси-защитой. Его защитные характеристики превосходят некоторые армейские бронекостюмы, кроме того он способен противостоять пси-атакам.', 'Комбинезон ПЗ-1', 'suit'),
('Созданный для работы в условиях Зоны костюм защиты ССП-99. Используется экспедициями учёных и сотрудничающих с ними сталкеров-экологов. Встроенная система фильтрации воздуха и кондиционирования. Не рассчитан на ведение боевых действий.', 'Комбинезон СПП-99 «Эколог»', 'suit'),
('Высококачественный модифицированный комбинезон ССП-99. Добавлена защита торса от пулевого и осколочного повреждения. Предназначен для экипировки охраны научных экспедиций! Эффективная защита от радиации и биологических аномалий. Стойкий к химически-агрессивным средам и другим вредным для организма воздействиям.', 'Комбинезон СПП-99М', 'suit'),
('Данный бронежилет разрабатывался для проведения поисковых операций в областях с низкой аномальной активностью. Использование довольно качественных материалов повысило устойчивость к износу.', 'Бронежилет ЧН-1', 'suit'),
('Штатная экипировка штурмовых отрядов «Чистого неба». Бронежилет способен остановить пистолетную пулю, а встроенный противогаз и брезентовый комбинезон с особой пропиткой обеспечивают хорошую защиту от аномальных воздействий.', 'Бронежилет ЧН-3а', 'suit'),
('Традиционная одежда группировки «Грех» - кожаный плащ со вшитыми броневыми элементами. Даёт защиту, крайне недостаточную в жёстких условиях Зоны. Имеет слабую защиту от радиации.', 'Грешный плащ', 'suit'),


('Имеет яйцеобразную форму с пещеровидной нижней частью и бледно-коричневый цвет.', 'Медуза', 'artefact'),
('Это сферическое образование, представляющее из себя черноватое ядро, окружённое множеством длинных бледно-жёлтых иголок. Имеет светло-коричневое свечение.', 'Ночная звезда', 'artefact'),
('Имеет плоскую форму. Люминесцентное голубое вещество, окружённое светло-коричневым камнем, имеющим по краям 6 дыр разного диаметра.', 'Каменный цветок', 'artefact'),
('Это полупрозрачное сферическое образование, имеющее слабое свечение светло-голубого цвета. В центре находится вещество с бирюзовым цветом по середине и синим по краям.', 'Душа', 'artefact'),
('Формируется аномалией "Жарка" при высоких температурах. Внешне выглядит как почерневшее каплевидное образование с глянцевой поверхностью, покрытое трещинами.', 'Капли', 'artefact'),
('Фас артефакта напоминает человеческий глаз и имеет огненный цвет, сам же он имеет каплевидную форму ярко-красного цвета.', 'Глаз', 'artefact'),
('Группа сросшихся кристаллов неизвестного происхождения, имеет светло-красное свечение.', 'Кристалл', 'artefact'),
('Сферическое полупрозрачное образование огненного цвета, имеющее оранжевое свечение.', 'Пламя', 'artefact'),
('Распространённый артефакт электрической природы. Имеет тёмно-синие свечение и испускает маленькие молнии.', 'Бенгальский огонь', 'artefact'),
('Сферическое полупрозрачное светло-голубое аморфное образование со светящейся сердцевиной, генерирующее маленькие молнии, имеет голубоватое свечение.', 'Лунный свет', 'artefact'),
('Полупрозрачное сферическое аморфное образование, имеющее голубоватое свечение и испускающее маленькие молнии.', 'Вспышка', 'artefact'),
('Сферическое образование, представляющее из себя ядро, окружённое множеством длинных голубых иголок. Имеет тёмно-синие свечение и испускает маленькие молнии.', 'Снежинка', 'artefact'),
('Маленький светящийся шарик медового цвета. Вращается, находясь в постоянном движении. Из некоторых точек артефакта исходят светло-голубые лучи, в начале имеющие изумрудный цвет. Габаритами напоминает маленький мяч.', 'Светляк', 'artefact'),
('Сферическое полупрозрачное желеобразное образование коричневатого цвета. Имеет около 10 неглубоких широких впадин эллиптической формы, отделённых друг от друга светло-чёрным веществом.', 'Слизняк', 'artefact'),
('Представляет из себя несколько соединённых полых образований органической природы, внутри которых находится неизвестное вещество светло-изумрудного цвета.', 'Пузырь', 'artefact'),
('Полупрозрачное желеобразное образование сферической формы с 6-ю симметрично расположенными впадинами. Впадины имеют диаметр примерно в половину диаметра самого артефакта и по 3 светло-чёрных отверстия (отверстия являются «общими» по отношению к другим впадинам) диаметром примерно в треть от диаметра самого артефакта. ', 'Слюда', 'artefact'),
('Сферическое образование, представляющее из себя ядро, окружённое небольшим количеством длинных иголок болотного цвета.', 'Колючка', 'artefact'),
('Кристаллическое сферическое образование, представляющее из себя ядро, окружённое небольшим количеством длинных иголок.', 'Кристальная колючка', 'artefact'),
('Сферическое образование, представляющее из себя ядро, окружённое множеством длинных светло-коричневых иголок.', 'Морской ёж', 'artefact'),
('Сферическое образование, представляющее из себя ядро, окружённое множеством длинных светло-коричневых иголок.', 'Колобок', 'artefact'),
('Сферическое образование чёрного цвета с трещинами по всей поверхности, имеющее голубое свечение, состоящее из подобия молний. Из артефакта постоянно выдвигаются-вдвигаются призмы, напоминающие раскалённый до белого цвета металл.', 'Компас', 'artefact'),
('Артефакт из центра легендарного Оазиса. Судя по всему, представляет собой кристаллизовавшееся растение, которое переняло присущее Оазису свойство благотворно влиять на организм в целом.', 'Сердце Оазиса', 'artefact');

INSERT INTO fractions (frc_id, img_id, frc_title, frc_is_active, frc_description) VALUES
(1, 7, 'Одиночки', true, 'Сталкеры, исследующие Зону в одиночку. Таких большинство, поскольку членство в группировке отбирает драгоценное время, тем самым уменьшая зароботок; кроме того, некоторые просто по натуре своей склонны к одиночеству и независимости.'),
(2, 1, 'Бандиты', true, 'Представители криминального мира, пришедшие в Зону по разным причинам: заработать на продаже артефактов, скрыться от закона, купить или продать оружие. В Зоне много подобного элемента уровнем от шпаны до серьёзных уголовников.'),
(3, 3, 'Долг', true, 'Каждый "долговец" считает своей главной целью защиту мира от воздействия Зоны. Большинство операций группировки связаны с истреблением монстров, поэтому рейды "Долга" нередко избавляют рядовых сталкеров от многих насущных проблем.'),
(4, 11, 'Свобода', true, 'Анархисты и сорвиголовы, объявившие себя борцами за свободу на территории Зоны. Свободовцы считают, что информацию о происходящем в Зоне нельзя скрывать от человечества, таким образом оспаривая монополию правительственных организаций на владение местными тайнами и чудесами.'),
(5, 13, 'Военные', true, 'Солдаты, прошедшие после опыта службы в Зоне специальную подготовку, или сталкеры, подписавшие контракт с армией.'),
(6, 6, 'Наёмники', true, 'Люди, способные выполнить любое задание за деньги. Знают Зону и ее порождения хуже рядового сталкера, и зачастую гибнут там, где зеленый новичок заметил бы опасность. Но что касается войны с людьми – тут они знают толк.'),
(7, 4, 'Монолит', true, 'Группировка, скорее напоминающая религиозную секту. Её члены верят, что в центре Зоны покоится эволюционный кристалл неземного происхождения - Монолит.'),
(8, 2, 'Чистое Небо', true, 'Исследователи проявлений Зоны, малоизвестный клан, затерянный где-то в болотах. Достоверно никто не знает, какова их численность, чем они занимаются и какие цели преследуют.'),
(9, 10, 'Учёные', true, 'Самые обычные учёные, изучающие Зону. Работают и проживают в мобильных лабораториях. Несмотря на глубокие познания, на практике в полевых условиях почти беспомощны, поэтому вынуждены пользоваться услугами сталкеров.'),
(10, 12, 'Грех', false, 'Бывшие заключенные подвергшиеся опытам в лабораториях Чернобыля. Многие из них умерли от неизвестных ранее науке болезней, но кто выжил, оказался изуродован. Одетые в грязные лохмотья, они скитаются по всей Зоне, храня в своих сердцах многие ее тайны и умирая вместе с ними.');

INSERT INTO events (evt_id, evt_title, evt_description, evt_is_reg_opened, evt_starts_at, evt_ends_at) VALUES
(1, 'Симбиоз', '', true, '2019-04-28 20:00:00', '2019-05-01 11:00:00');

INSERT INTO fractions_events (evt_id, frc_id, fev_max_members, fev_is_active) VALUES
(1, 1, 30, true),
(1, 2, 10, true),
(1, 3, 10, true),
(1, 4, 15, true),
(1, 5, 5, true),
(1, 6, 10, true),
(1, 7, 10, true),
(1, 8, 10, true),
(1, 9, 4, true),
(1, 10, 0, false);

INSERT INTO commands (cmd_title) VALUES ('Внеком');
-- +migrate Down